{

	"metadata" :
	{
		"formatVersion" : 3.1,
		"generatedBy"   : "Blender 2.65 Exporter",
		"vertices"      : 6,
		"faces"         : 8,
		"normals"       : 6,
		"colors"        : 0,
		"uvs"           : [9],
		"materials"     : 1,
		"morphTargets"  : 0,
		"bones"         : 0
	},

	"scale" : 1.000000,

	"vertices" : [-16.0577,6.8475,14.0637,-2.128,6.8482,-21.7506,-2.1274,-0.0130017,14.0635,11.8016,6.845,14.0637,-2.1287,13.7056,14.0639,-2.128,6.8472,14.066],

	"morphTargets" : [],

	"normals" : [-0.908872,0,0.417005,0,3.1e-05,-1,-3.1e-05,-0.836665,0.547685,0.908872,-6.1e-05,0.417005,3.1e-05,0.836634,0.547746,0,0,1],

	"colors" : [],

	"uvs" : [[1.4989,0.0002,0.5,1,0.5,0,-0.4989,0.0002,1,1,1.499,0.0002,0.5,0.5,0,0.5,1,0.5]],

	"faces" : [42,0,1,2,0,0,1,2,0,1,2,42,1,3,2,0,1,3,2,1,3,2,42,1,0,4,0,4,3,2,1,0,4,42,3,1,4,0,5,4,2,3,1,4,42,5,0,2,0,6,7,2,5,0,2,42,4,0,5,0,1,7,6,4,0,5,42,2,3,5,0,2,8,6,2,3,5,42,4,5,3,0,1,6,8,4,5,3],

	"bones" : [],

	"skinIndices" : [],

	"skinWeights" : [],

	"animations" : []


}
